index,mean,max,min
Right_Elbow_Angle,225.16666666666666,345,191
Left_Elbow_Angle,32.666666666666664,145,5
Right_Shoulder_Angle,14.166666666666666,17,10
Left_Shoulder_Angle,10.833333333333334,15,8
Right_Knee_Angle,154.16666666666666,180,29
Left_Knee_Angle,150.5,180,13
